treatment,control,distance,last_month
gendercynicalcritical,GTAV_Cruises,0.2738281185131736,2020_04
frenworld,TheOA,0.2043696640908849,2019_06
askagp,redditguild,0.4256129108016156,2022_12
thenewright,SWORDS,0.04918102104720895,2020_06
aganistgaymarriage,SmashConnect,0.3492401397078006,2018_09
lgbdropthet,waltonchain,0.1420788717250808,2020_04
chapotraphouse,DBZDokkanBattle,0.24937036024712467,2020_04
becomeaman,WilliamShatner,0.1228409407453964,2022_12
race,thelastguardian,0.03993758067838943,2020_04
chodi,baseballcards,0.08350454293629854,2022_02
candidfashionpolice,DoctorWhumour,0.02982996949111623,2015_11
debatealtright,PvZHeroes,0.20318400473623577,2020_06
holocaust,gue,0.1363335606521954,2019_08
imgoingtohellforthis2,freeculture,0.21038188267552468,2020_04
tumblrinaction,Libertarian,0.19963740940565028,2022_06
thereareonly2genders,damngirl,0.6148755598479575,2019_08
timpool,SketchDaily,0.09475912220712825,2022_12
hitler,GOTradeReferences,0.3940206654890762,2017_10
yeagerbomb,ApocalypseRising,0.26233296757030694,2022_10
mr_trump,csshelp,0.23039543553961186,2016_12
subforwhitepeopleonly,FantasyLife3ds,0.1859442224439257,2019_08
wpdtalk,APUSH,0.08875525673771945,2019_01
israelexposed,UKJobs,0.11025870554151987,2022_12
edgymemes,rapecounseling,0.10896061922714272,2022_10
timdillon,PlantsVSZombies,0.031142343721418712,2022_12
rightwinglgbt,Wizard101,0.1793240893605713,2020_06
mensrights,PersonalFinanceCanada,0.03714564909145967,2022_05
trufemcels,DID,0.14692755733935367,2021_01
masculism,evergreen,0.1273677209030806,2022_08
truelesbians,superstarsmtown,0.10982178154639674,2020_04
greatawakening,serialpodcast,0.2083173381691622,2018_08
tgandsissyrecovery,peercoin,0.08854521580761145,2022_12
darkhumorandmemes,Scams,0.0379127677293711,2020_04
edgy,CEMUcaches,0.363959450342454,2022_12
hbd,GifTournament,0.425827337709352,2020_04
truerateme,MarioMaker,0.1888005824711532,2022_12
wingsofredemption,magicrush,0.24584229797492738,2019_08
redpillwives,raiseyourdongers,0.19002591471409286,2022_12
trollgc,FifaUTCoins,0.1571343400432268,2020_07
redpillwomen,bmx,0.11542780326453775,2022_05
foreveralone,polyamory,0.08509469849803208,2022_05
moretankiechapo,agt,0.16743986363212282,2020_04
pol,steamswap,0.07066818515814596,2017_09
seduction,blender,0.07469563817346703,2022_12
europeannationalism,Lyme,0.0751332411544367,2017_09
gendercritical,mobilelegends,0.1620736914590864,2020_06
heckoffcommie,redditoroftheday,0.7525300289993424,2022_07
incels,minecraftskins,6.311260581127563,2017_11
jerktalkdiamond,fireemblemcasual,0.7020127614961235,2019_01
opieandanthonyxyz,dailydraw,0.4435267797799967,2019_08
8chan,WhereDoIStart,0.08960291391390875,2018_01
egalitarianism,randpaul,0.04986362997220651,2022_05
tardtales,learn_arabic,0.05480896696795192,2018_12
shitneoconssay,dungeonboss,0.18260831869804448,2020_04
drama,cigars,0.13798063850261097,2022_12
thecalmbeforethestorm,soulseeker,0.30225604583482074,2018_07
pickup,VerdunGame,0.0806293096565218,2022_12
anarchy,waterfox,0.1017436299710923,2022_05
itsafetish,NMSGalacticHub,0.12548973486786505,2020_04
the_europe,QuinnMains,0.06979163132441478,2019_11
imgoingtohellforthis,photoshopbattles,0.12742315938901233,2020_03
cringeanarchy,photography,0.06218446510217146,2019_04
blackpillscience,StencilTemplates,0.1391884069148534,2022_04
terfisaslur,PointsPlus,0.15125212386979503,2020_04
homophobes,groestlcoin,0.7052180802157747,2019_08
clownworldwar,gameofbands,0.19220129238921213,2019_06
hatecrimehoaxes,storage,0.025052979698341016,2020_06
kotakuinaction2,PipeTobacco,0.23174890503759515,2022_01
smuggies,PKGOAtlanta,0.11122446605960842,2020_04
yallcantbehave,MaddenMobileH2H,0.16754269702546165,2019_12
radical_feminists,revolutionNBC,0.47652403065744736,2020_11
gcdebatesqt,starwarstrader,0.11184082760445514,2020_04
fuckyou,hydro,0.0469333543915532,2022_04
fatpeoplehate,twitchplayspokemon,0.5071705586292342,2015_06
gender_critical,SRSBusiness,0.24604237951485716,2020_04
european,ShinyPokemon,0.11201430632007285,2016_03
foreveralonedating,Nails,0.1326542107528984,2022_12
braincels,gameswap,0.3188155347311065,2019_09
fascismreclaimed,Heroes_Charge,0.4845100128870652,2022_12
theredpill,China,0.13408433295607236,2021_11
conspiracy,wow,0.36198596591026955,2022_12
kotakuinaction,EDH,0.11470334635071373,2022_05
coontown,HITsWorthTurkingFor,0.35449102407551564,2015_07
nazi,bipolar2,0.022397026502600607,2017_09
asiansissification,restorethefourth,0.05677427031554899,2022_12
offensivememes,Avengers,0.23683659067783952,2019_08
mdememes,52in52,0.5108185017489384,2018_12
mefetishism,MLPtunes,0.10595474731850976,2022_12
emmaglover,traingifs,0.27630065700061396,2020_02
pussypassdenied,pettyrevenge,0.21207333675983692,2022_12
gendercriticalguys,PembertonFestival,0.10443197165382753,2020_04
justbewhite,battleparty,0.24515122200831288,2019_08
assignedmale,MightyNo9,0.129965262323176,2020_06
trolling,xboxlive,0.11367849629317765,2020_04
askthe_donald,infp,0.11613457101467764,2022_12
shhhhheeeeeeeeiiiitt,racing,0.028303851713546234,2015_07
trayvonmartin,FedoraCoin,0.18845984967833482,2015_07
greatapes,dicemasters,0.10497056977317741,2018_04
incel,Howwastoday,0.12301170464500623,2017_03
whitebeauty,Qtum,0.1329114854775496,2020_04
actualwomen,sjsucks,0.05511900498168592,2020_04
marriedredpill,OfficeDepot,0.11790106234063148,2022_12
clown__world,Nether,0.25888240185632233,2019_07
darkjokecentral,ElsaGate,0.09876920830731453,2020_04
mgtow,BabyBumps,0.157806229613948,2021_08
physical_removal,aion,0.09170289723595235,2017_07
teaniggas,txs,0.5054112647262826,2019_12
nationalsocialism,LibertarianDebates,0.16510506757751028,2017_09
fpua,customsmash,0.1889139114266779,2022_12
sham_sharma_show,telescopes,0.12663913634877183,2022_12
waterniggas,whatsthatbook,0.6770031704490377,2019_04
niggawhat,laptopama,0.7178613122644482,2019_08
metacanada,GamerGhazi,0.23762643727791163,2022_12
altright,adultery,0.1432072344122185,2017_01
the_donald,DestinyTheGame,0.6702922079414925,2020_04
delraymisfits,ChiefKeef,0.24633787316690922,2019_09
intactivists,TODispensaries,0.11684437397553049,2022_05
cbts_stream,reddCoin,0.3958903679751026,2018_02
opieandanthony,argentina,0.25861646916106984,2019_04
darkenlightenment,everything,0.037078510784158206,2022_05
uncensorednews,ComedyCemetery,0.11785811485243924,2018_02
sodaniggas,PokemonGoRed,0.5463197035685098,2019_04
watchredditdie,chromeos,0.11798605416713535,2022_12
sjwhate,fnv,0.07775877167170854,2018_09
consumeproduct,vertcoin,0.17856299404430287,2020_04
weekendgunnit,japanlife,0.16661968039383812,2020_07
milliondollarextreme,AskEurope,0.09953764386768064,2018_09
opienanthony,BitTippers,0.6527548786621324,2019_05
pussypass,emojipasta,0.08121301212131019,2022_05
incelswithouthate,Kings_Raid,0.35305602718256807,2020_10
aznidentity,TheWalkingDeadGame,0.08043965113485238,2022_12
louderwithcrowder,RepTime,0.0887379851336959,2022_12
kekistan,Khan,0.08877055994307669,2022_12
me_ira,shittynosleep,0.05188323097292112,2019_04
asktrp,csgobetting,0.2116488875273389,2022_05
4chan,Justrolledintotheshop,0.09589096122851211,2022_12
debatefascism,HardwareSwapUK,0.19001850908001514,2018_12
foreverunwanted,HillaryForAmerica,0.3574139992352456,2022_04
gavinmcinnes,OSUOnlineCS,0.11238156259227604,2020_03
incelselfies,Pins4Skins,0.1619444811959853,2019_08
ccj2,Cumberbitches,0.20825696887632428,2020_06
socialjusticeinaction,short,0.04119893818409627,2022_06
shitpoliticssays,Nepal,0.06657183283920921,2022_12
wojak,themartian,0.09329202304103013,2020_04
bannedfromme_irl,Nvidiahelp,0.057608039240833346,2016_01
gamersriseup,xbox,0.13871096936110922,2019_11
new_right,dcss,0.16452582652207656,2020_05
whiterights,admincraft,0.11193789484996719,2018_01
askseddit,Astroneer,0.04029715033052165,2022_05
darkhumor,startup,0.09892654043902535,2018_02
dolan,auto,0.050874845988097016,2022_03
shortcels,hitmobile,0.08157812259036243,2019_12
edgydarkdankmemes,sc2partners,0.08283536180366577,2019_12
cutefemalecorpses,PuppySmiles,0.10640421862183694,2015_07
infowars,OriannaMains,0.031564123726805934,2018_02
antipozi,psbattleroyale,0.16761691528039444,2018_04
watchpeopledie,web_design,0.11515068878967386,2018_09
nomorals,scholarships,0.07399952105839137,2018_02
legoyoda,2048,0.095031270283803,2019_08
nametheproblem,GalaxyNote2,0.16988307066720323,2022_12
antifa,mkxmobile,0.19837769430075863,2018_12
ferguson,CookieCollector2,0.6433210788206264,2019_12
amberlynn,Injustice2MobileGame,0.25766861750251074,2019_09
honkler,TroveMarketplace,0.15459317554086677,2019_07
offensivememe,EtherDelta,0.11896460930080494,2019_04
billionshekelsupreme,DotaConcepts,0.24707040883667317,2018_09
ask_radical_feminists,thestompingland,0.4535555362309667,2020_04
askanincel,rustfactions,0.42462582267303717,2019_10
